epoch,train_total_loss,train_prob_loss,train_count_loss,val_total_loss,val_prob_loss,val_count_loss,epoch_seconds
1,1.1980821444195178,0.6564126569891114,0.5416694895836375,1.304409632989026,0.6337629928501374,0.6706466371313148,0.24319154099794105
2,1.1233274965195985,0.621735832320692,0.5015916643645397,1.3436944276914684,0.6538259709646942,0.689868466569743,0.20234379201428965
3,1.1014783658919625,0.6091771595492861,0.4923012060230561,1.3320265598253374,0.641809970413873,0.6902165784748322,0.16112683300161734
4,1.079964365069821,0.598307910689539,0.4816564522270508,1.346641938620751,0.6494536213918564,0.6971883355477534,0.16178924997802824
5,1.0665220219046194,0.5914610042190445,0.47506101651449684,1.3164004656152988,0.6350189955956346,0.6813814787689699,0.19107995799276978
6,1.0534927122116007,0.5860521728690906,0.46744054082156233,1.3380754343960264,0.6402671747251388,0.6978082785365778,0.17309191601816565
7,1.0429108889651284,0.581275454227346,0.4616354352463281,1.3478911229229849,0.6429810955983783,0.7049100133804006,0.1665280840243213
8,1.0330171245379753,0.5782548433316835,0.45476228235407773,1.3550719722695308,0.6446195086207959,0.7104524600943294,0.22033454099437222
9,1.0250145449142916,0.5749998342006911,0.4500147102167011,1.3117831360309495,0.6322866765730971,0.6794964528958732,0.16429204202722758
10,1.0230232455034676,0.5739292274321225,0.44909401591811404,1.3057148888570453,0.628208889326918,0.6775059831251792,0.19962199998553842
11,1.0098732236846697,0.5683227882373453,0.4415504343111844,1.3055499283545609,0.6231077143905359,0.6824422074020455,0.17153837496880442
12,1.0017518990463536,0.5657783802749952,0.4359735157666694,1.3050149908853232,0.6237779112037168,0.6812370783145275,0.19321666698670015
13,0.9986488249447771,0.5651581121983796,0.43349071390582955,1.300879676954462,0.6212386363143221,0.6796410176732125,0.15139691601507366
14,0.9948488521252943,0.5646876955818071,0.4301611570403867,1.2856623557729459,0.6166967678507533,0.6689655821804606,0.19374487502500415
15,0.9916772646338976,0.5629146561879972,0.42876260316893144,1.300760273539692,0.6214658377367422,0.6792944303346337,0.1511791660450399
16,0.9827576907467508,0.5592091536455658,0.4235485344394083,1.3110609519372292,0.6242029464572941,0.6868580186038936,0.19109300000127405
17,0.9804097055006853,0.5595972521262847,0.4208124510671824,1.2941446194954969,0.6192011494155324,0.6749434621509062,0.152739749988541
18,0.9800774199969552,0.5584389878170276,0.4216384292101768,1.2980821242026233,0.6199310077439755,0.6781510948587995,0.16357108298689127
19,0.9752083066531442,0.5576223096174235,0.41758599950857195,1.314160112940937,0.6268147164528522,0.6873453940273425,0.20239774999208748
20,0.9715163157779309,0.5564758636843163,0.4150404521052606,1.3021318518787348,0.6224023612267381,0.6797295004949657,0.162846332998015
21,0.968661643623255,0.5554587940724393,0.4132028477055588,1.2900006650784694,0.6146299385149544,0.6753707159002986,0.2041808750363998
22,0.961472748136568,0.5527093477029889,0.4087634017586444,1.2965154997799375,0.6207274482884538,0.675788052311731,0.16058991698082536
23,0.9628110956335124,0.5539246430528919,0.4088864544025852,1.3279884413841667,0.6369346883318839,0.6910537639889148,0.21594420803012326
24,0.9597752043181321,0.5524781669461045,0.40729704003380424,1.2988911353120016,0.6211834194463327,0.6777077144985899,0.16012091701850295
25,0.9548569263790181,0.5502212273588525,0.40463569770674646,1.2932152441882212,0.6174896539898094,0.6757255899249961,0.20260837499517947
26,0.9532590936493311,0.5502857457674785,0.4029733510172366,1.3151392089117557,0.6287455733762969,0.6863936344417957,0.1575232499744743
27,0.9498009294896476,0.5494268054316396,0.40037412207041007,1.297562938217723,0.6226488636174333,0.6749140890913272,0.2036025000270456
28,0.9455467812646761,0.5471288580428834,0.3984179243812248,1.3256081200520926,0.6385319112637721,0.6870762366767323,0.15930516697699204
29,0.9444494979017479,0.5462883460573976,0.39816115035365185,1.2917541232677774,0.6159672206694927,0.6757868892009106,0.16165541601367295
30,0.9433500191385967,0.5468148776351446,0.3965351395042082,1.2916574117240556,0.6184376221184337,0.6732197928866115,0.20783716603182256
31,0.9399920127362933,0.5455766027109648,0.3944154111847607,1.2912155400722398,0.6181883560408146,0.6730271629784086,0.16028608300257474
32,0.9392628223409168,0.545102870149622,0.3941599507005965,1.3327139189483923,0.6404651376085544,0.6922487807930062,0.20234279200667515
33,0.9336662227883538,0.5436852376002743,0.38998098475070436,1.315082845337894,0.6296780010975829,0.685404852716201,0.15923000004841015
34,0.9329608628765479,0.5431687253896581,0.3897921399830333,1.315115316745338,0.6298941018384531,0.6852212061575793,0.21864437498152256
35,0.9301068045169478,0.5415715754050251,0.38853522960882225,1.3034852677529012,0.6241687716694053,0.6793164947164168,0.1570197920082137
36,0.9307085394957658,0.5421121196488853,0.3885964195039682,1.30010447152164,0.6227525067985604,0.6773519748394642,0.21556133398553357
37,0.9295324402052987,0.5424450471027401,0.3870873919431264,1.3032638211862757,0.6263173337376445,0.6769464907296207,0.16176262497901917
38,0.9250883725083794,0.5403937158714617,0.38469465829324934,1.3123319520862824,0.6307061068508604,0.6816258329317111,0.20525170804467052
39,0.9241178008044291,0.5398291975918431,0.38428860303530665,1.296943446911803,0.6224474600695689,0.6744959879358974,0.1633385000168346
40,0.9254082377121227,0.5405028363702963,0.38490540266689166,1.2772675019885422,0.6103394529141417,0.6669280479807372,0.2080314580234699
41,0.9223083414457307,0.5387714357911508,0.3835369044951478,1.3154805444796152,0.6290663929160581,0.6864141712494947,0.16701483394717798
42,0.9137433494852181,0.5368443380776502,0.37689901141921395,1.3091467870484799,0.6262060174154579,0.6829407608837162,0.2031836670357734
43,0.9179631946897554,0.5375011845084496,0.3804620120149166,1.3246740069958047,0.637092895464066,0.6875811005951068,0.1659187080222182
44,0.9156975355157011,0.5362054563252937,0.37949207646910643,1.2954605577188893,0.6225487403913376,0.6729118225224521,0.16069779201643541
45,0.9166784865852754,0.5375854712474424,0.3790930165089112,1.317601220323405,0.6334928820986266,0.6841083469740842,0.21569862501928583
46,0.9130717284861298,0.5357241883740009,0.3773475414371942,1.3630403739596726,0.651972585861836,0.7110677911054104,0.15881216700654477
47,0.9173186549992968,0.5378563254884009,0.3794623310132404,1.3419484982796765,0.645021292047763,0.6969272122470611,0.20274500001687557
48,0.911605098364403,0.535186899719741,0.3764182003126397,1.314245565221944,0.6313662014969992,0.682879355249055,0.16230225004255772
49,0.9071989152668654,0.5340590874535206,0.37313982523438477,1.3463836809910765,0.6500114093133069,0.6963722787865805,0.20282874995609745
50,0.9066342518046077,0.5333815729575111,0.3732526786931095,1.33063029586722,0.638705408354418,0.6919248927077022,0.1634234999655746
