feature,importance,target
gcmt_depth_km,0.05113607,y_24h
trigger_magnitude_sq,0.04546116,y_24h
trigger_depth_km,0.043357495,y_24h
gcmt_moment_exponent,0.041971177,y_24h
prior_global_event_count_24h_log1p,0.039403837,y_24h
trigger_depth_log1p,0.03883611,y_24h
prior_global_event_count_24h,0.037085205,y_24h
trigger_magnitude,0.032879762,y_24h
gcmt_half_duration_sec,0.03259824,y_24h
gcmt_depth_error_km,0.029762998,y_24h
gcmt_magnitude,0.029749472,y_24h
gcmt_eig2_plunge,0.029171173,y_24h
prior_activity_ratio_24h_7d,0.01941607,y_24h
dmin,0.019132134,y_24h
dip,0.017828962,y_24h
lat_lon_interaction,0.016182374,y_24h
dip2,0.015834238,y_24h
trigger_month_sin,0.014957647,y_24h
trigger_latitude,0.014689081,y_24h
gcmt_latitude,0.0146193355,y_24h
gcmt_eig1_plunge,0.014277354,y_24h
trigger_longitude,0.0142373275,y_24h
trigger_year_feature,0.013794772,y_24h
abs_trigger_latitude,0.013059874,y_24h
abs_trigger_longitude,0.012461085,y_24h
trigger_month,0.011650444,y_24h
trigger_dayofyear,0.011532961,y_24h
gcmt_longitude,0.010759078,y_24h
trigger_dayofyear_sin,0.010452518,y_24h
trigger_month_cos,0.010121961,y_24h
nst,0.009022792,y_24h
gcmt_mrr,0.0088902265,y_24h
gcmt_mrr_error,0.008816048,y_24h
trigger_dayofyear_cos,0.008759513,y_24h
prior_global_event_count_7d,0.008402633,y_24h
gcmt_centroid_time_shift_error_sec,0.008288446,y_24h
prior_global_event_count_7d_log1p,0.0082459105,y_24h
gcmt_latitude_error,0.008129996,y_24h
gcmt_distance_km_log1p,0.008068239,y_24h
gcmt_mrt,0.0077657406,y_24h
rake,0.007735291,y_24h
gcmt_mpp,0.0074854135,y_24h
gcmt_mtp_error,0.0074651926,y_24h
gcmt_mrp_error,0.007308598,y_24h
gcmt_eig3_azimuth,0.007293109,y_24h
gcmt_mrt_error,0.0071885097,y_24h
gcmt_eig3_plunge,0.007124466,y_24h
gcmt_centroid_time_shift_sec,0.0071187387,y_24h
gcmt_time_diff_sec_log1p,0.0071145105,y_24h
gcmt_mtp,0.007099272,y_24h
gcmt_mtt,0.007058847,y_24h
gcmt_eig2,0.00703575,y_24h
gcmt_eig1_azimuth,0.0069954353,y_24h
gcmt_scalar_moment,0.0069026393,y_24h
strike,0.006573114,y_24h
gcmt_mtt_error,0.006512346,y_24h
gcmt_longitude_error,0.006317627,y_24h
strike2,0.0063105067,y_24h
gap,0.006205042,y_24h
gcmt_eig2_azimuth,0.0061981753,y_24h
rms,0.0061897296,y_24h
gcmt_distance_km,0.006179019,y_24h
gcmt_mpp_error,0.0061781122,y_24h
gcmt_mrp,0.0060915174,y_24h
gcmt_eig3,0.0060562626,y_24h
trigger_hour_sin,0.0059743677,y_24h
gcmt_mag_diff,0.0059724995,y_24h
gcmt_eig1,0.005834696,y_24h
trigger_hour,0.005804513,y_24h
rake2,0.0057765283,y_24h
gcmt_time_diff_sec,0.0055158213,y_24h
trigger_hour_cos,0.004574894,y_24h
has_gcmt,0.0,y_24h
trigger_depth_km,0.055208527,y_72h
prior_global_event_count_24h_log1p,0.04300643,y_72h
trigger_depth_log1p,0.04289468,y_72h
trigger_magnitude,0.03613772,y_72h
gcmt_depth_error_km,0.034534886,y_72h
gcmt_magnitude,0.032914307,y_72h
prior_global_event_count_24h,0.03136514,y_72h
trigger_magnitude_sq,0.03132728,y_72h
gcmt_depth_km,0.03118176,y_72h
gcmt_half_duration_sec,0.030583132,y_72h
gcmt_eig2_plunge,0.025289772,y_72h
gcmt_moment_exponent,0.023599759,y_72h
dmin,0.022541456,y_72h
dip2,0.022439621,y_72h
gcmt_eig1_plunge,0.022284256,y_72h
lat_lon_interaction,0.017759554,y_72h
prior_activity_ratio_24h_7d,0.017571237,y_72h
gcmt_latitude,0.017142009,y_72h
trigger_longitude,0.016285313,y_72h
trigger_latitude,0.015957069,y_72h
abs_trigger_latitude,0.01588967,y_72h
abs_trigger_longitude,0.014883397,y_72h
trigger_month_sin,0.014738425,y_72h
dip,0.014598477,y_72h
trigger_year_feature,0.013386732,y_72h
trigger_dayofyear_sin,0.012638761,y_72h
trigger_month_cos,0.011468436,y_72h
gcmt_longitude,0.011108131,y_72h
trigger_dayofyear,0.009252991,y_72h
gcmt_mrr_error,0.009202221,y_72h
gcmt_centroid_time_shift_error_sec,0.008822702,y_72h
gcmt_mrt_error,0.008684958,y_72h
prior_global_event_count_7d,0.008470008,y_72h
gcmt_mrp,0.008466257,y_72h
gcmt_longitude_error,0.00823009,y_72h
gcmt_eig1_azimuth,0.00822821,y_72h
gcmt_mpp_error,0.008227699,y_72h
trigger_dayofyear_cos,0.008193957,y_72h
gcmt_mrp_error,0.008136446,y_72h
gcmt_mtp_error,0.008115343,y_72h
gcmt_mrr,0.008067998,y_72h
prior_global_event_count_7d_log1p,0.008027984,y_72h
gcmt_distance_km_log1p,0.008012731,y_72h
gcmt_mpp,0.007931607,y_72h
gcmt_eig3_plunge,0.007897597,y_72h
gcmt_mrt,0.007850991,y_72h
gcmt_eig3_azimuth,0.007690362,y_72h
gap,0.007406116,y_72h
nst,0.00739164,y_72h
gcmt_scalar_moment,0.007349986,y_72h
gcmt_eig2_azimuth,0.007214242,y_72h
gcmt_centroid_time_shift_sec,0.00720482,y_72h
gcmt_mtp,0.007198449,y_72h
gcmt_mtt_error,0.007045003,y_72h
rake2,0.0068371105,y_72h
gcmt_mtt,0.006824867,y_72h
gcmt_eig2,0.0067961104,y_72h
strike2,0.0067535774,y_72h
strike,0.0067294603,y_72h
rms,0.006665949,y_72h
trigger_month,0.0066189854,y_72h
rake,0.0065942635,y_72h
gcmt_eig3,0.006527243,y_72h
gcmt_mag_diff,0.006451411,y_72h
gcmt_distance_km,0.0064165452,y_72h
gcmt_eig1,0.0063546714,y_72h
trigger_hour_cos,0.006077832,y_72h
gcmt_time_diff_sec_log1p,0.006058761,y_72h
gcmt_latitude_error,0.005832932,y_72h
trigger_hour,0.0053381226,y_72h
gcmt_time_diff_sec,0.0051853308,y_72h
trigger_hour_sin,0.004880531,y_72h
has_gcmt,0.0,y_72h
