model_name,split,horizon,bucket_order,count_bucket,bucket_lower,bucket_upper,n_obs,mean_true,mean_pred,median_true,median_pred,mae,rmse,mean_error,median_error,mean_pred_over_mean_true
mlp_multitask_v1_enriched_h256_128_64_do03_calibrated_loglinear,train,24,0,0,0.0,0.0,12832,0.0,1.6217579116640255,0.0,0.8371332241835088,1.6217579116640255,3.896699060244351,1.6217579116640255,0.8371332241835088,
mlp_multitask_v1_enriched_h256_128_64_do03_calibrated_loglinear,train,24,1,1,1.0,1.0,2812,1.0,2.982406119631138,1.0,1.3503703934547233,2.1811513268110887,6.777610927252369,1.9824061196311378,0.35037039345472343,2.982406119631138
mlp_multitask_v1_enriched_h256_128_64_do03_calibrated_loglinear,train,24,2,2-5,2.0,5.0,3047,3.0380702330160814,4.913798487831855,3.0,2.288389384638601,3.6757294660230406,8.647748380134482,1.8757282548157739,-0.47410307448014644,1.6174077986846345
mlp_multitask_v1_enriched_h256_128_64_do03_calibrated_loglinear,train,24,3,6-10,6.0,10.0,1180,7.684745762711865,8.64314352900184,8.0,4.4800769927052695,6.950173668599652,11.733736701845666,0.9583977662899751,-2.9311877305097007,1.1247143101259562
mlp_multitask_v1_enriched_h256_128_64_do03_calibrated_loglinear,train,24,4,11-20,11.0,20.0,1100,14.734545454545454,14.983322873204372,14.0,7.190570856750567,13.345372382873263,23.398834392919674,0.2487774186589199,-7.118373374143285,1.0168839561034557
mlp_multitask_v1_enriched_h256_128_64_do03_calibrated_loglinear,train,24,5,21-50,21.0,50.0,1330,33.05187969924812,26.539118135669472,32.0,14.635662316884659,25.271416983301815,37.85000436786412,-6.512761563578645,-16.137544163710473,0.8029533683759958
mlp_multitask_v1_enriched_h256_128_64_do03_calibrated_loglinear,train,24,6,51-100,51.0,100.0,549,66.81967213114754,47.234644247872474,64.0,27.620418729354196,46.97978936063844,56.54633743545842,-19.585027883275064,-37.77541107593011,0.70689727652606
mlp_multitask_v1_enriched_h256_128_64_do03_calibrated_loglinear,train,24,7,101-300,101.0,300.0,162,160.21604938271605,45.30915024446273,146.5,27.129319731698416,121.24131811458888,136.75059787374906,-114.90689913825332,-113.60289902566217,0.28280032131007365
mlp_multitask_v1_enriched_h256_128_64_do03_calibrated_loglinear,train,24,8,300+,301.0,inf,19,510.42105263157896,97.12799673183878,346.0,43.47335687832126,413.2930558997401,519.2818195191813,-413.2930558997401,-315.08499498187814,0.19028995028922838
mlp_multitask_v1_enriched_h256_128_64_do03_calibrated_loglinear,val,24,0,0,0.0,0.0,910,0.0,1.4893959886872137,0.0,0.9081643217908022,1.4893959886872137,4.2132086159510225,1.4893959886872137,0.9081643217908022,
mlp_multitask_v1_enriched_h256_128_64_do03_calibrated_loglinear,val,24,1,1,1.0,1.0,215,1.0,2.366978201378552,1.0,1.2640328257615676,1.5691435341147622,3.121648538654091,1.3669782013785525,0.2640328257615676,2.366978201378552
mlp_multitask_v1_enriched_h256_128_64_do03_calibrated_loglinear,val,24,2,2-5,2.0,5.0,197,2.9390862944162435,3.615067418988377,3.0,2.0438169924562715,2.4478226213674126,4.862497620470085,0.6759811245721338,-0.6342968296669109,1.2299970320219522
mlp_multitask_v1_enriched_h256_128_64_do03_calibrated_loglinear,val,24,3,6-10,6.0,10.0,118,7.584745762711864,4.8690508037812865,7.0,2.571031133259914,5.401068418937801,7.4264650674417085,-2.715694958930578,-4.351466607404096,0.6419530668672534
mlp_multitask_v1_enriched_h256_128_64_do03_calibrated_loglinear,val,24,4,11-20,11.0,20.0,84,14.94047619047619,6.155525636184691,15.0,3.043163234475073,11.113231655073728,12.357452836994632,-8.784950554291502,-9.955972882048025,0.412003309513557
mlp_multitask_v1_enriched_h256_128_64_do03_calibrated_loglinear,val,24,5,21-50,21.0,50.0,103,33.786407766990294,12.167983869374963,33.0,3.66286865327587,27.636736423616046,30.351850906488707,-21.618423897615326,-27.02519514926182,0.36014435015678764
mlp_multitask_v1_enriched_h256_128_64_do03_calibrated_loglinear,val,24,6,51-100,51.0,100.0,48,72.4375,7.198567168971199,71.0,3.5395912050264835,65.2389328310288,68.05529956268569,-65.2389328310288,-61.80898646426395,0.09937625082272579
mlp_multitask_v1_enriched_h256_128_64_do03_calibrated_loglinear,val,24,7,101-300,101.0,300.0,69,196.69565217391303,7.462427966618655,209.0,2.5462610025223325,189.2332242072944,197.3270480091842,-189.2332242072944,-202.12731814503084,0.03793895738997106
mlp_multitask_v1_enriched_h256_128_64_do03_calibrated_loglinear,test,24,0,0,0.0,0.0,1867,0.0,1.3513576750935812,0.0,0.9215769185110169,1.3513576750935812,2.054074271573556,1.3513576750935812,0.9215769185110169,
mlp_multitask_v1_enriched_h256_128_64_do03_calibrated_loglinear,test,24,1,1,1.0,1.0,463,1.0,2.8224826344443428,1.0,1.3483358897643403,2.0360315072141444,6.9765338613286225,1.822482634444343,0.34833588976434027,2.8224826344443428
mlp_multitask_v1_enriched_h256_128_64_do03_calibrated_loglinear,test,24,2,2-5,2.0,5.0,454,3.0220264317180616,3.418757418335455,3.0,1.6946500760646739,2.6509132553846038,5.098109405380075,0.3967309866173932,-0.8559449358989211,1.1312797871168343
mlp_multitask_v1_enriched_h256_128_64_do03_calibrated_loglinear,test,24,3,6-10,6.0,10.0,164,7.7682926829268295,5.459258220658043,8.0,2.6091359281080235,6.049908341399822,7.523597385554057,-2.3090344622687855,-4.682952343545145,0.7027616547785864
mlp_multitask_v1_enriched_h256_128_64_do03_calibrated_loglinear,test,24,4,11-20,11.0,20.0,155,14.845161290322581,7.634256957450839,14.0,2.7960670385897735,12.139034278129287,16.107731611054323,-7.210904332871739,-10.828863350712387,0.5142589432441895
mlp_multitask_v1_enriched_h256_128_64_do03_calibrated_loglinear,test,24,5,21-50,21.0,50.0,179,33.608938547486034,8.210719366514986,32.0,3.650094181153285,27.87403279435761,29.951699313834517,-25.39821918097105,-27.19124305053941,0.24430165668320855
mlp_multitask_v1_enriched_h256_128_64_do03_calibrated_loglinear,test,24,6,51-100,51.0,100.0,161,73.0,12.600332595526304,74.0,4.4743319897064495,63.10915073883895,66.10745071912751,-60.3996674044737,-64.02255842108971,0.17260729582912746
mlp_multitask_v1_enriched_h256_128_64_do03_calibrated_loglinear,test,24,7,101-300,101.0,300.0,64,131.5,24.680796360641686,123.0,8.099508883298345,117.85170565250493,127.38190021751487,-106.8192036393583,-110.41134016789884,0.1876866643394805
mlp_multitask_v1_enriched_h256_128_64_do03_calibrated_loglinear,test,24,8,300+,301.0,inf,6,370.6666666666667,35.961001110546675,379.0,24.302550088408324,334.70566555612,335.8221722393936,-334.70566555612,-334.1574027587578,0.0970170893270144
mlp_multitask_v1_enriched_h256_128_64_do03_calibrated_loglinear,train,72,0,0,0.0,0.0,11434,0.0,2.118399581122883,0.0,1.115212267276403,2.118399581122883,5.380141337527531,2.118399581122883,1.115212267276403,
mlp_multitask_v1_enriched_h256_128_64_do03_calibrated_loglinear,train,72,1,1,1.0,1.0,3067,1.0,3.293600406871599,1.0,1.541193701204609,2.4302115632175596,8.611982372310392,2.293600406871599,0.5411937012046091,3.293600406871599
mlp_multitask_v1_enriched_h256_128_64_do03_calibrated_loglinear,train,72,2,2-5,2.0,5.0,3183,3.021049324536601,5.611558657771396,3.0,2.5656907714608352,4.109412463288468,11.589622260824148,2.590509333234795,-0.18306764936360542,1.8574866064565676
mlp_multitask_v1_enriched_h256_128_64_do03_calibrated_loglinear,train,72,3,6-10,6.0,10.0,1267,7.638516179952644,9.859042846415647,7.0,4.672681896811591,7.940871870805343,15.319197119631399,2.220526666463003,-2.7031889313638064,1.2907013108502403
mlp_multitask_v1_enriched_h256_128_64_do03_calibrated_loglinear,train,72,4,11-20,11.0,20.0,1204,14.788205980066445,14.001358049875261,14.0,6.387830105872711,13.048022084141332,22.869433859817498,-0.7868479301911839,-7.522237060797323,0.9467921983740418
mlp_multitask_v1_enriched_h256_128_64_do03_calibrated_loglinear,train,72,5,21-50,21.0,50.0,1489,32.97783747481531,25.46231787874037,32.0,11.999486508771653,26.78686895877823,42.29322832686852,-7.5155195960749435,-18.190006293435836,0.7721039288335861
mlp_multitask_v1_enriched_h256_128_64_do03_calibrated_loglinear,train,72,6,51-100,51.0,100.0,894,70.52796420581656,54.20802111256377,68.0,29.451673670389834,53.450956715460315,74.75889323903067,-16.319943093252782,-39.21512604555279,0.7686032302644168
mlp_multitask_v1_enriched_h256_128_64_do03_calibrated_loglinear,train,72,7,101-300,101.0,300.0,425,145.4564705882353,79.89447016424589,130.0,43.71247303142189,104.43396049351979,123.05589693654095,-65.5620004239894,-86.7698326231525,0.5492672126660816
mlp_multitask_v1_enriched_h256_128_64_do03_calibrated_loglinear,train,72,8,300+,301.0,inf,68,528.6911764705883,93.95014121691821,434.5,38.78131724349018,434.7410352536701,519.0784108824762,-434.7410352536701,-353.27963768480254,0.17770325172458173
mlp_multitask_v1_enriched_h256_128_64_do03_calibrated_loglinear,val,72,0,0,0.0,0.0,811,0.0,2.0782121146601695,0.0,1.2257513359518255,2.0782121146601695,6.667236176326644,2.0782121146601695,1.2257513359518255,
mlp_multitask_v1_enriched_h256_128_64_do03_calibrated_loglinear,val,72,1,1,1.0,1.0,246,1.0,2.7965717192453425,1.0,1.5682283417526102,1.914383834803102,3.9966185883903527,1.7965717192453425,0.5682283417526102,2.7965717192453425
mlp_multitask_v1_enriched_h256_128_64_do03_calibrated_loglinear,val,72,2,2-5,2.0,5.0,215,3.055813953488372,4.506863890034545,3.0,2.5066447601537294,3.036693260748767,6.719711125338302,1.4510499365461733,-0.34564943869782394,1.4748489137860383
mlp_multitask_v1_enriched_h256_128_64_do03_calibrated_loglinear,val,72,3,6-10,6.0,10.0,110,7.918181818181818,6.102195253210093,8.0,3.0627060943312436,6.17786617413429,9.769822571053599,-1.815986564971726,-4.161210636150776,0.7706561169381289
mlp_multitask_v1_enriched_h256_128_64_do03_calibrated_loglinear,val,72,4,11-20,11.0,20.0,88,14.875,7.154964233120521,14.0,3.818743366724506,11.292043523328442,13.797240221357898,-7.720035766879479,-9.64345692183971,0.4810059988652451
mlp_multitask_v1_enriched_h256_128_64_do03_calibrated_loglinear,val,72,5,21-50,21.0,50.0,91,33.637362637362635,11.57998358069498,32.0,4.802074843503885,26.247001093362194,28.661593423178275,-22.057379056667653,-23.84070453403562,0.3442595576096842
mlp_multitask_v1_enriched_h256_128_64_do03_calibrated_loglinear,val,72,6,51-100,51.0,100.0,81,70.95061728395062,17.701800189507356,65.0,4.351684017650024,64.33770093853794,68.68026073188729,-53.24881709444326,-60.24775675091619,0.24949466075345325
mlp_multitask_v1_enriched_h256_128_64_do03_calibrated_loglinear,val,72,7,101-300,101.0,300.0,66,174.12121212121212,11.402146531832571,151.0,5.025107181953901,162.71906558937957,175.71415628601463,-162.71906558937957,-140.8522619446759,0.06548396024199005
mlp_multitask_v1_enriched_h256_128_64_do03_calibrated_loglinear,val,72,8,300+,301.0,inf,36,345.27777777777777,7.346699308694994,342.0,2.594369781318469,337.93107846908276,338.96469583799774,-337.93107846908276,-331.83805514085964,0.021277648842559917
mlp_multitask_v1_enriched_h256_128_64_do03_calibrated_loglinear,test,72,0,0,0.0,0.0,1650,0.0,1.7746064146680847,0.0,1.2375788113366402,1.7746064146680847,2.648451747917101,1.7746064146680847,1.2375788113366402,
mlp_multitask_v1_enriched_h256_128_64_do03_calibrated_loglinear,test,72,1,1,1.0,1.0,496,1.0,3.2017982957889655,1.0,1.594337070924772,2.33958400473774,7.433000244087322,2.201798295788966,0.594337070924772,3.2017982957889655
mlp_multitask_v1_enriched_h256_128_64_do03_calibrated_loglinear,test,72,2,2-5,2.0,5.0,501,2.970059880239521,4.399538690061525,3.0,2.139715516902224,3.2893622512203646,9.406813817625098,1.429478809822004,-0.5254208905224917,1.4812962928231346
mlp_multitask_v1_enriched_h256_128_64_do03_calibrated_loglinear,test,72,3,6-10,6.0,10.0,182,7.65934065934066,5.798081856847978,7.0,2.685276176804114,5.926478658104036,7.9994912058874394,-1.8612588024926817,-4.240675930036466,0.7569949052699656
mlp_multitask_v1_enriched_h256_128_64_do03_calibrated_loglinear,test,72,4,11-20,11.0,20.0,152,14.907894736842104,9.982494050209233,15.0,3.9995357391736093,13.088913906855128,18.78115239402721,-4.925400686632872,-9.769356981694314,0.6696112513820845
mlp_multitask_v1_enriched_h256_128_64_do03_calibrated_loglinear,test,72,5,21-50,21.0,50.0,208,34.21153846153846,11.150708259501984,34.0,3.5238667568129074,29.04209709858106,33.0340858245846,-23.060830202036474,-25.50442174652764,0.325934136871334
mlp_multitask_v1_enriched_h256_128_64_do03_calibrated_loglinear,test,72,6,51-100,51.0,100.0,172,72.81976744186046,13.080646481870703,72.0,5.126299321063867,63.16662892681327,66.21413033138877,-59.739120959989755,-61.766559838937795,0.1796304347210987
mlp_multitask_v1_enriched_h256_128_64_do03_calibrated_loglinear,test,72,7,101-300,101.0,300.0,142,143.80281690140845,28.056085230953396,133.0,7.7206185092543445,128.01420058394893,142.61055846658354,-115.74673167045505,-118.5098328777963,0.19510108240917642
mlp_multitask_v1_enriched_h256_128_64_do03_calibrated_loglinear,test,72,8,300+,301.0,inf,10,496.5,38.9820580905668,518.5,24.736428757761573,457.51794190943326,464.5488729773461,-457.51794190943326,-459.8493795377293,0.07851371216629768
